date,region,vehicle_type,traffic,category,shipment_volume,distance_km,fuel_cost,delivery_time_hr,transport_cost,on_time
2026-04-13,South,Truck,Medium,Grocery,37,40.660493477520376,7.297277435776009,2.535463043712558,93.05395520702275,False
2026-02-21,East,Truck,High,Home,38,25.449160969540102,4.103330243198892,2.5604359889128965,98.34895011384694,False
2026-04-03,North,Van,Medium,Home,29,21.437097202165237,2.0496283903300725,1.4441268778629,62.097427233679305,True
2026-01-15,East,Van,Medium,Grocery,32,18.31663740583229,2.53055938518354,1.445882745660969,54.93973399906052,True
2026-04-17,North,Truck,Low,Grocery,39,32.046446375923146,4.931411917799398,1.7020133262581618,75.0129880689737,True
2026-03-13,North,Van,Medium,Clothing,34,19.529602584626325,0.973450403105406,1.6062367651026763,60.57018442462415,True
2026-03-02,South,Van,Medium,Clothing,36,23.5474532307375,2.4706811754016047,1.827612134578583,66.61486569370082,True
2026-01-21,North,Bike,High,Clothing,43,18.24788829775232,0.8915047293015967,1.969110417195776,67.15237624554176,False
2026-04-13,North,Truck,High,Home,39,10.34216581186145,2.325982024668275,2.1089009768903977,54.84322423975243,False
2026-03-24,South,Truck,Medium,Clothing,34,15.035683850676026,1.926625988604619,1.5215167565348569,54.683270657082026,True
2026-03-28,West,Bike,Low,Electronics,40,19.48225463371776,0.9218293367192544,0.9356588044271908,54.62006219590656,True
2026-03-16,North,Truck,High,Electronics,32,21.63070652762734,3.923197231009444,2.146191650053548,72.33425022360304,False
2026-03-16,North,Bike,High,Clothing,33,22.025184666688435,1.388868996393745,2.190052337142788,71.98427098277051,False
2026-03-29,East,Truck,Low,Electronics,43,23.19972269533114,3.5188014465384163,1.6341689375493869,68.4824785305129,True
2026-04-27,West,Van,Low,Home,36,19.60181132864092,1.7177716395944314,1.1755193881848758,49.89053729076764,True
2026-04-10,South,Van,High,Electronics,38,36.14213713351565,3.953209976112907,3.09743041233314,95.44453377540664,False
2026-04-14,South,Truck,Low,Home,32,32.53185707871284,5.029252332752269,2.080829128512512,67.45639689249481,True
2026-01-24,East,Truck,High,Grocery,31,22.784016595282456,3.1859994029255416,3.217723460807804,71.1173712503049,False
2026-01-03,North,Van,Medium,Grocery,41,26.28832451766897,2.438143130757702,1.7643251213721378,77.51658446615228,True
2026-01-22,West,Van,Low,Grocery,38,20.651205826923405,1.8018641603266703,1.366504054761621,65.87826478974311,True
2026-02-22,West,Van,High,Grocery,43,3.0,0.5,1.9772604842830863,46.36230032048502,False
2026-01-02,North,Van,Medium,Electronics,27,24.184437116334223,2.9596810892026446,1.3226630638704904,70.422831206783,True
2026-03-29,North,Truck,Medium,Clothing,38,26.750529251260943,4.506059045324643,1.7976126087992204,72.60829552904215,True
2026-04-18,West,Van,Low,Electronics,39,9.486044177637954,1.417088144025592,0.8907082246438527,41.07752962571402,True
2026-01-30,South,Truck,Low,Home,44,28.494699622751423,4.418703238472307,1.6238755945068035,87.95057522788335,True
2026-02-07,South,Truck,Medium,Electronics,35,21.47480989849672,3.219412579756921,1.946594244368748,69.22175690199596,False
2026-01-02,East,Truck,Medium,Electronics,39,27.04140348571196,4.0904455908342525,2.2902175356805263,68.96925614552657,False
2026-03-05,East,Bike,Medium,Home,38,21.746412173669228,1.655548377359556,1.7611352647255971,57.67361926152236,True
2026-03-01,West,Van,High,Grocery,49,35.258590268041644,2.8830854582462493,2.8241625835262667,94.04546767014668,False
2026-01-21,West,Bike,Medium,Grocery,38,26.03605938525678,1.2004645196782828,1.641713211997529,78.95523457869133,True
2026-02-02,West,Van,Low,Grocery,41,33.02174812804807,3.067978021068059,1.0672451180225142,80.90740536861836,True
2026-03-17,East,Van,Medium,Clothing,45,33.76253527957451,4.157015600320107,2.107288702662398,75.81183057153406,True
2026-02-27,West,Bike,High,Home,35,13.923998465204305,0.5509640300350335,2.207715400119553,58.49573050511713,False
2026-01-22,East,Van,High,Home,36,17.34884816980967,1.0854340818821169,2.8858974653941805,64.95870691196222,False
2026-04-18,East,Van,Medium,Electronics,34,28.064496144536303,3.047312734187367,1.717858030297533,62.941632126703865,True
2026-03-30,North,Bike,Low,Clothing,39,20.71016444617645,0.9725076568374432,0.861474977124195,61.14158565182445,True
2026-02-18,West,Van,Low,Grocery,41,21.85253907669334,2.043898639594568,1.4192781028129424,58.28459553091805,True
2026-04-01,West,Bike,Medium,Clothing,36,35.579083399535484,1.6598352064478292,2.207266456014416,78.04984721533842,True
2026-02-28,East,Van,High,Home,39,21.20670259627137,1.9119356219861308,2.6634808049181724,79.81292692504762,False
2026-02-11,West,Bike,Medium,Home,36,15.279635865762758,1.159232114302442,1.3708647521730315,50.47542458800764,True
2026-04-02,East,Truck,High,Electronics,28,16.495799985279646,2.657553312669375,2.960341221635031,58.07206629990205,False
2026-03-01,North,Truck,High,Electronics,50,43.64120851073431,6.67530272913008,3.309065817815241,106.24095876130478,False
2026-03-21,North,Bike,Low,Home,43,22.396024676532868,0.7375738626284564,1.2827995040068074,64.76503200324747,True
2026-01-15,North,Van,Medium,Grocery,37,11.721770203038806,1.1547838757945104,1.2319336395388591,59.36029684998952,True
2026-03-03,South,Bike,Low,Grocery,35,8.07487264215065,0.5614005312382976,1.2411167821712108,34.33511824415385,True
2026-03-03,North,Van,Low,Clothing,40,18.37827021593298,2.0641128743897337,0.6471783135109257,56.15230126245315,True
2026-02-16,East,Truck,High,Home,40,22.231300925153548,3.518249615745096,3.1293276505628853,74.26282582912,False
2026-03-03,South,Van,Medium,Home,47,32.542563357849055,3.001802452501763,2.165150450752757,81.2570144688685,False
2026-02-20,East,Truck,Medium,Grocery,31,31.671106498155904,3.827592040547757,2.5189875927282133,78.15578304924864,False
2026-04-18,South,Van,Low,Grocery,34,23.94288221034449,3.323831074109541,1.2761267640899403,67.60396645978173,True
2026-02-24,East,Bike,Low,Home,32,19.9124827245637,0.5058499565021642,1.0845030695841822,54.04582328954127,True
2026-04-26,South,Bike,Low,Electronics,42,27.05641668079521,0.6038718360436143,1.4807793176192072,70.00423331158167,True
2026-03-05,North,Bike,Low,Home,46,8.261285314772508,0.513102718164331,0.8719380156974398,41.52822260330096,True
2026-01-03,South,Van,Medium,Home,35,41.82972804536296,3.623288118309286,2.5997274116704983,96.11704506464088,False
2026-04-11,East,Truck,Low,Grocery,35,29.8869503627095,4.270317869361274,2.1128510887132923,75.34053163531593,False
2026-02-20,South,Truck,Medium,Grocery,40,31.80291197755445,5.1764340481349125,2.3759483950314078,85.42731740574379,False
2026-01-07,West,Van,Low,Electronics,40,14.332619563110503,2.302634324939924,0.9062704001264202,61.103331832632975,True
2026-01-21,North,Van,Low,Electronics,37,35.54383777166937,3.9064832797478526,1.7343829580021035,70.16056638681646,True
2026-03-14,South,Van,Low,Clothing,33,19.859845550763342,1.8876621109355547,1.139587242148666,57.18580390765598,True
2026-02-08,West,Truck,Medium,Home,47,15.42697689463293,2.368042619185025,1.9004405156151256,52.249633825470085,False
2026-01-18,South,Truck,Medium,Grocery,45,23.647448664544022,2.851490862275617,2.008511587840517,69.32669542678872,False
2026-01-04,South,Truck,Medium,Electronics,41,23.437004226104637,3.4298972059219004,2.008916967630174,74.21169320393258,False
2026-03-30,East,Van,Medium,Clothing,38,14.29316634739203,1.298380744709038,2.0488800373811804,60.78337044916954,False
2026-03-01,East,Van,Medium,Clothing,35,15.945563818127711,1.743282098865141,2.125910635278302,62.73919680219,False
2026-01-14,East,Van,Low,Grocery,40,15.240914022047548,2.474281298027189,1.6049951957132462,58.99987930842583,True
2026-04-24,North,Bike,Low,Grocery,49,15.326564389288578,0.5,0.7417158368376184,54.60649944529516,True
2026-01-09,North,Van,High,Clothing,37,20.5071188361036,1.9697925525823583,2.453704982128013,77.1386855694964,False
2026-03-31,East,Van,Medium,Electronics,47,11.49913377444788,0.5,1.5992929650764407,60.96790632342343,True
2026-02-22,West,Van,Low,Clothing,43,17.777629523274577,1.6401372579811018,1.3812705804736445,58.28932803378314,True
2026-01-02,East,Bike,High,Home,37,33.40621093545842,1.448270637947116,2.647757791013149,96.02580995779836,False
2026-03-25,North,Bike,High,Home,33,31.40978506893765,1.0550823404159408,2.4421994523334742,86.13135194943624,False
2026-04-02,East,Bike,Low,Grocery,43,14.551086831965208,1.211201189496487,1.172787486656479,59.645347167300464,True
2026-04-21,East,Truck,Medium,Electronics,48,32.6238442556481,5.171737326358149,2.7133121547955747,85.19864240943676,False
2026-03-01,North,Truck,Medium,Electronics,38,6.30204657777556,1.3349522528995323,1.452403934997923,39.3605697870862,True
2026-03-12,South,Van,Medium,Home,51,45.86229889810938,4.576297163201112,2.6041306301230644,101.76660614071146,False
2026-02-13,South,Bike,Medium,Clothing,31,35.70281872922033,1.931832616006081,2.1536124665188288,85.15122386410327,True
2026-01-08,South,Bike,Low,Grocery,46,18.96241279073904,1.7605209920379887,1.4154347061495125,60.69368079728702,True
2026-02-16,South,Truck,Medium,Clothing,38,27.44183905561599,4.252260965821377,2.3983056997019023,70.44558722932501,False
2026-02-04,South,Bike,Medium,Clothing,50,11.39172604701784,0.9901253797077296,1.5348646624246802,52.40663307789935,True
2026-03-19,North,Truck,High,Clothing,31,24.54398510933232,3.526462355723982,2.3965166535323634,72.09043037236127,False
2026-03-22,North,Truck,Medium,Electronics,40,22.3470327074778,3.785997874172976,1.8766584931197487,62.45302296493805,True
2026-02-05,West,Bike,Low,Home,46,16.48712949546844,0.6597784103383786,0.6914816946779117,61.61447402574401,True
2026-02-19,West,Bike,Medium,Electronics,32,19.78298262306727,0.5,1.830567202406004,67.68314108128318,True
2026-04-14,South,Truck,Low,Home,47,18.89711271771516,2.9256401716813807,1.2646640032763212,65.60768810392004,True
2026-01-04,West,Truck,Medium,Grocery,35,13.814369526141284,1.929590862380116,1.551050582421846,52.791493812411495,True
2026-01-02,East,Van,Medium,Grocery,35,16.27667478693003,0.9778992408988852,2.116579142141172,56.91693189278218,False
2026-01-06,South,Truck,Low,Clothing,30,11.023400166002588,1.7947988089833296,1.0707853404200671,38.170403478607255,True
2026-02-23,South,Van,Medium,Home,37,31.71597689004556,2.928090655225789,2.2986007215734725,83.59292865577731,False
2026-04-16,North,Truck,Low,Home,39,15.61098528189358,3.811391294001712,1.3134922994443032,53.96518571786315,True
2026-01-04,North,Bike,Low,Home,41,13.001812155868611,0.5,0.8899655750244033,63.85254582422476,True
2026-02-23,East,Truck,Medium,Clothing,33,31.573542118343973,4.348082804240753,2.5559349781698817,85.61450209351187,False
2026-04-03,East,Truck,Medium,Clothing,37,27.32658318905397,4.626918392294871,2.3215975553727266,76.29242857588794,False
2026-03-04,North,Van,High,Grocery,37,31.240509503540636,3.220393651583726,2.618017545169465,86.57474317552135,False
2026-01-18,West,Van,Medium,Electronics,43,32.24474901776989,3.767839686033836,1.825669491775847,89.02589366292948,True
2026-03-31,West,Truck,Low,Home,50,41.43709407244582,6.593925555483157,1.9968821404804429,91.6488024603884,True
2026-02-13,North,Van,Medium,Home,38,22.595642099761346,2.110504212905909,1.362184540742741,73.36143431470025,True
2026-02-03,West,Van,Low,Electronics,29,10.881530889040432,0.5219691664634108,0.8131720931479846,37.55065537682618,True
2026-03-15,West,Van,High,Home,42,26.43934020685913,3.2581181080478228,2.1647609356480992,77.933358034558,False
2026-03-03,West,Bike,Medium,Clothing,44,17.978958394081644,0.5,1.6446960404844864,52.99648801380425,True
2026-04-10,North,Truck,High,Clothing,30,15.382452450160134,2.6357878122986933,2.57757591403115,63.31318241299367,False
2026-01-14,East,Van,Low,Home,46,24.89932654995517,3.027978728510875,1.6110660682677933,70.72360128374646,True
2026-04-05,South,Truck,Medium,Clothing,52,31.79177459708631,4.870612050734896,2.5069162695444738,83.02983550165366,False
2026-02-17,East,Truck,Medium,Clothing,43,16.47604642563345,2.416920804913673,2.239008230651677,54.93217800485275,False
2026-01-15,West,Truck,High,Home,48,35.469492785985466,5.055094634730288,2.751615999982903,103.3113249517778,False
2026-03-13,East,Truck,Low,Grocery,44,15.093474368974658,2.547722749708008,1.2794937816600436,53.04686558389487,True
2026-03-19,West,Van,Low,Electronics,35,21.80487100807083,0.918843481860712,1.5409718939537949,57.7610731899069,True
2026-03-28,West,Truck,High,Clothing,40,27.47677093602781,4.580976347659876,2.732493088039849,91.39865976893324,False
2026-03-03,West,Truck,Medium,Grocery,37,20.50890712184348,3.2326449573248106,1.539890540593155,60.86349144314882,True
2026-02-09,South,Bike,Medium,Clothing,33,8.015978949553169,0.5,1.3045646653648548,49.35785272907634,True
2026-03-26,North,Truck,Low,Clothing,36,32.346667426099245,5.122769474644114,1.7051443264304866,72.46238169040096,True
2026-03-21,South,Van,High,Electronics,43,18.38882093679576,1.3127258219940965,2.3007288156053867,66.76794130099856,False
2026-04-19,West,Van,Low,Clothing,41,30.704086044543235,2.138082325042892,0.966861490877097,79.58278949595396,True
2026-03-23,North,Truck,Medium,Electronics,40,12.62270278475104,2.167377713115694,1.343903049656096,52.47600456834399,True
2026-04-21,South,Bike,High,Electronics,40,14.159070761132291,1.3711946693453865,2.240844644407926,62.36537478732032,False
2026-02-22,North,Truck,Low,Electronics,42,31.761900685998214,4.140363718958191,1.595635123765979,76.29677183317722,True
2026-01-24,East,Truck,Medium,Grocery,45,27.06457283467821,3.721392754726737,2.616218878120266,68.56110713425325,False
2026-01-26,West,Truck,Low,Home,35,20.05272860383791,3.446719135457222,1.370650383949607,66.20961125777231,True
2026-03-30,West,Truck,Low,Grocery,41,27.195284383537537,4.376769471424402,1.6470055620041746,69.24354890761283,True
2026-03-01,North,Van,High,Home,34,15.413647780100778,2.9518318222486,2.37260807077718,62.8562163368179,False
2026-04-19,West,Bike,High,Home,42,24.992332057400183,1.8586241241286643,2.4592323191635863,82.00790214713192,False
2026-02-10,East,Van,Medium,Electronics,40,25.15698531051059,3.017424469955483,2.6388055728355533,73.73711825284838,False
2026-01-29,South,Truck,Medium,Clothing,33,20.63596555328074,2.854869745760818,1.650023043503844,59.68279027289408,True
2026-01-15,East,Bike,Low,Electronics,41,16.482428649683175,1.1426961841083818,1.1947750560371515,60.826589216767786,True
2026-02-14,South,Van,Low,Clothing,46,24.632237203933144,3.2593210545268967,1.6388490556462405,71.62836354122071,True
2026-03-06,South,Van,Low,Home,39,23.50516971029192,2.3940669752978434,1.7475252546834124,66.34688130267861,True
2026-03-30,East,Van,Low,Electronics,32,19.80760128972352,2.02705157723926,1.5217565661095749,58.5397060170009,True
2026-03-12,North,Bike,Low,Clothing,36,14.695669768373248,0.8718709242336484,0.6845581796582525,59.26959986226382,True
2026-01-09,South,Van,Medium,Grocery,40,24.11229344401921,2.232766404959511,2.326340378578698,66.92374374196402,False
2026-03-29,South,Van,Low,Clothing,42,19.83009871647055,2.203193946584899,1.1922530921850676,62.57293215236809,True
2026-01-01,North,Van,Low,Electronics,50,14.6880814160676,1.6520360109111547,1.0442514482797582,52.123378736903895,True
2026-04-18,South,Van,Medium,Grocery,34,24.391768296823003,3.2271295570977108,2.236021064120027,59.64571182837563,False
2026-01-08,East,Van,High,Clothing,37,38.47474924849848,3.954622071962524,3.1521254008044752,88.18218871085824,False
2026-03-29,East,Truck,Low,Clothing,44,20.6985510068363,3.5119032517882043,1.5432271231710013,57.3295721857127,True
2026-03-04,East,Truck,High,Clothing,44,37.47998887117821,5.7375938981362,3.2596740453779005,95.12176692026476,False
2026-01-11,West,Van,High,Clothing,33,43.02898543257086,4.805935219221951,3.277740860234187,114.79967616728916,False
2026-04-25,East,Van,Low,Clothing,40,15.419229878600923,1.506492832146743,1.6737819202474689,56.59174848336188,True
2026-03-22,East,Van,High,Grocery,39,24.08139787379068,2.786609620873364,2.84545952543883,80.18788180867266,False
2026-01-08,North,Van,Medium,Home,42,42.93358726034678,4.835732785426214,2.640952017399535,97.12166772228574,False
2026-02-04,South,Truck,Medium,Grocery,37,22.910280347318604,3.071098193958369,2.009798997308468,68.17757038594108,False
2026-02-04,South,Truck,Medium,Grocery,30,24.3313093118886,4.267421882644504,2.3337706130790505,79.6442943571584,False
2026-02-02,North,Van,Medium,Grocery,39,8.969950730625975,0.8669300025891177,1.161243953654107,40.75133526358244,True
2026-01-05,South,Truck,Medium,Home,52,19.21504289712299,2.7669231364722964,2.394777846892122,68.62451047737721,False
2026-04-16,South,Van,Medium,Electronics,34,29.000298162020435,2.725527656760636,2.4240088589138344,84.52694098568298,False
2026-04-13,West,Bike,Medium,Home,49,45.86354378656125,2.6566850334050773,2.2356745007145,111.63820829653112,True
2026-02-10,West,Truck,Medium,Grocery,34,22.235938498754784,3.4444907073004067,2.196208253733969,74.99340274269609,False
2026-01-28,East,Truck,Medium,Clothing,43,9.036363099737803,1.5674995139531185,2.051384781334943,49.11068908722924,False
2026-01-07,South,Van,Medium,Clothing,42,11.35275728304022,1.3676388676625386,1.916033530585532,54.37403891464784,False
2026-03-14,North,Bike,Low,Grocery,37,23.67789282655533,1.5761471958681237,0.5789975462150195,65.60960581511262,True
2026-03-13,West,Van,Low,Clothing,44,34.59486118247024,4.881788276428251,1.846681924057419,86.60876262852679,True
2026-01-12,West,Van,High,Grocery,34,29.73618314587856,3.1401605211165817,2.8189109619866506,79.03505181459465,False
2026-02-03,North,Van,Low,Clothing,41,28.142302771591137,2.6243837670594115,1.4577019152815922,77.06231134068467,True
2026-02-02,East,Van,Low,Home,44,35.78229948225837,2.848225446084923,2.070387629126348,87.25380576133576,True
2026-02-17,North,Bike,Low,Electronics,40,17.517938212329437,0.5,1.029954123792625,56.66610106038337,True
2026-04-29,North,Bike,Low,Electronics,33,24.17185247961809,1.8853587792178048,1.419321570242017,73.4383295324873,True
2026-01-23,North,Van,High,Home,45,19.316560918178443,2.3522049244566348,2.370585882731926,69.2137424276527,False
2026-03-03,South,Truck,Medium,Home,34,21.556898380931337,2.73382552811261,2.0060175072802924,70.97230266354573,False
2026-03-29,West,Bike,High,Grocery,48,14.943575811070634,1.9307922680585343,2.4635792358184085,71.13893549265826,False
2026-02-06,East,Bike,Medium,Grocery,48,20.90421535709584,1.2967758595879495,2.049639560780081,72.11925572642586,False
2026-04-09,South,Truck,Medium,Grocery,39,23.75055990379141,3.888479309033821,2.1433605937137474,64.90786949719379,False
2026-02-13,East,Bike,Low,Clothing,39,20.656756501246047,2.146022938539769,1.912412250397303,62.73336406364715,False
2026-04-14,West,Bike,Medium,Grocery,30,22.550446472875784,2.023029630380864,1.602067943294632,75.14556353861497,True
2026-03-27,West,Truck,Low,Home,27,27.64536489093468,4.636543422219346,1.2748914291110087,59.31754790751523,True
2026-04-01,North,Van,High,Electronics,35,35.14826192157959,4.063713775137671,2.720156027320249,91.34151350696736,False
2026-02-04,South,Van,High,Clothing,40,35.80040281301338,4.174295588643295,3.020068187690914,100.50216695851172,False
2026-03-06,North,Bike,Low,Grocery,44,30.85279590657293,1.5884685655911035,1.4580185727830672,77.56523065624985,True
2026-04-09,South,Van,High,Clothing,53,12.660166694055157,1.45837430677068,2.335328549627208,66.51269746065486,False
2026-04-11,North,Bike,High,Clothing,42,20.75631012987132,1.400041279476543,2.370208051113695,78.97823584429615,False
2026-02-16,East,Van,Medium,Grocery,38,21.531434723586585,2.203748478506306,2.616199518905076,67.17375523730323,False
2026-03-19,South,Van,Low,Clothing,40,18.08565152290292,1.464554630532808,1.4930660508073113,59.77771246477723,True
2026-01-03,North,Van,Medium,Electronics,36,27.081160611266466,2.723763183594078,1.988756812267508,74.51515361536403,True
2026-01-01,North,Van,Medium,Home,32,9.65104356046688,0.5687899002913581,1.2472471920286896,47.40814692857525,True
2026-01-05,South,Bike,Low,Home,48,39.242098225754624,2.187283059309008,1.4482658257910055,102.77826442440102,True
2026-03-31,North,Bike,Low,Electronics,37,34.756986043695434,1.110428514000318,0.8885136833212022,81.91358590432468,True
2026-04-29,South,Bike,High,Clothing,40,28.303820357115814,1.7101774493697663,2.52326876631724,81.30515136380161,False
2026-01-14,North,Truck,Low,Grocery,34,23.441016030718338,2.899283961755668,0.7525230481255619,69.06234599271224,True
2026-04-13,North,Van,Medium,Clothing,41,35.05955365565298,3.49969025684671,2.1146823185228967,83.60769650505316,True
2026-01-27,South,Truck,High,Electronics,41,30.204644431022405,4.908565370324854,2.8582185804458398,83.22359158175853,False
2026-01-09,East,Truck,High,Clothing,35,33.95974005796283,5.6197757291648776,2.9768775598513684,87.39587062007928,False
2026-03-20,North,Truck,Low,Home,38,23.46853125966144,3.9401839892450985,1.3499011906347165,63.73685084018503,True
2026-01-15,North,Van,High,Clothing,45,40.103817772777504,4.354781127654884,2.683324282335303,101.69992022345482,False
2026-03-31,North,Truck,Low,Electronics,43,34.501990881208705,4.844135594725977,1.7828076190428837,87.01358381420104,True
2026-02-11,West,Truck,Low,Home,36,28.58582665892338,4.872076891823165,1.794926382782719,70.67622314503785,True
2026-03-18,South,Bike,Medium,Clothing,39,35.30375628388039,1.4483259815861214,1.952973422465352,91.33813958619054,True
2026-02-20,East,Bike,Medium,Clothing,25,20.22754252349425,1.60507395799663,1.889038458587846,64.673594435625,False
2026-03-04,West,Truck,Medium,Home,50,13.49249676587676,2.373804139577665,1.640601959580359,53.64581399044378,True
2026-04-06,North,Truck,Medium,Grocery,40,26.89395461742728,4.78006864733402,1.5741092218789912,79.09915975050454,True
2026-04-13,West,Truck,Low,Home,40,23.48618598767878,3.651549645897545,1.518946623199532,70.27068069569356,True
2026-04-23,East,Van,Low,Grocery,37,22.22054391950134,1.964713263302681,1.320048580836857,53.99716089207279,True
2026-02-21,North,Bike,Medium,Electronics,33,34.94680835414463,1.3403808236062922,1.9731659383880007,86.874957713294,True
2026-04-06,South,Bike,High,Electronics,47,25.504252918895677,0.8710232099814452,2.473652993680691,78.15955148278373,False
2026-01-04,East,Truck,Medium,Home,33,26.37212166181936,3.3511302207088445,2.000473167398619,78.63211347748222,True
2026-04-04,South,Van,Low,Home,43,21.05652697121313,2.6348366445988334,1.274020864509394,60.09458587901255,True
2026-04-11,West,Van,Medium,Electronics,37,31.930108253515733,3.832998995483732,1.9440003993807493,75.15425201639604,True
2026-01-23,South,Truck,Low,Grocery,41,30.316882031771275,4.948281681290129,2.031200718246184,76.32208306590135,True
2026-04-13,East,Van,Low,Electronics,45,31.86293709204864,3.330739984232132,1.9484966650442648,75.50269097217979,True
2026-04-19,South,Bike,High,Home,35,19.524624300274397,2.0012860829232224,2.213788406628049,72.31109398811475,False
2026-01-15,West,Van,Low,Electronics,37,35.73679614042295,3.708196777410607,2.0838459014819057,79.70897152324665,True
2026-02-12,East,Van,Low,Home,44,40.54891581389736,4.357048724123975,2.296368340157962,93.08328726559952,True
2026-01-29,North,Bike,Medium,Home,32,31.578345575922352,1.7152758256776257,1.6929117571848742,87.63548777850046,True
2026-02-05,North,Truck,Medium,Electronics,37,16.716405414801383,2.438804209385663,1.2074097999191404,63.76307150401283,True
2026-01-13,North,Van,Medium,Grocery,39,16.78017944187419,2.045857361820784,1.3860231108536198,61.31847415134974,True
2026-02-01,North,Van,Low,Clothing,41,20.62160739966221,1.8801952668224968,1.0906759042228042,60.80560290671505,True
2026-03-12,North,Van,Low,Electronics,37,18.92060507383331,1.6714035108209095,1.1717758293142937,59.60142014549707,True
2026-02-28,East,Truck,Low,Clothing,41,23.360166368814617,3.9274870106004753,1.90114475567189,69.13317763528792,True
2026-04-25,South,Van,Low,Electronics,40,29.69198219731063,2.8937343657645638,1.8257904094849515,70.28956058975405,True
2026-03-27,East,Truck,Medium,Clothing,43,26.60957196674864,4.184550567479869,1.9697916726944031,79.54152276807959,True
2026-01-28,West,Bike,High,Grocery,32,25.8206015074766,1.2665354290176258,2.5229428115517734,71.47346207380332,False
2026-03-07,East,Van,Medium,Grocery,30,21.829175251798688,2.2868653172368707,2.038575239925356,67.09748131534934,False
2026-02-11,East,Bike,High,Electronics,31,23.335386655519056,0.9804661627435672,3.3058715338199787,67.31539729330632,False
2026-02-14,East,Bike,Medium,Home,46,31.169179567761013,1.4260399374897637,2.221198566103969,93.00620954688264,False
2026-03-03,South,Van,Medium,Clothing,22,5.892377752501666,0.5,1.2813699464099744,41.109893641062776,True
2026-02-26,North,Bike,Medium,Home,32,23.897486323691417,1.693860297240681,1.604648673481656,60.22097740779193,True
2026-04-27,North,Truck,Medium,Home,42,26.59188835434593,4.1990908703367165,1.8718484511375688,74.97279381808542,True
2026-01-06,North,Bike,Medium,Home,31,31.052247616925637,2.121221489638059,1.316537365980685,76.20387358581155,True
2026-01-28,North,Truck,Low,Grocery,42,14.90958654644558,2.772409868743848,1.129713397049422,49.67122449808383,True
2026-01-28,North,Truck,Medium,Electronics,40,14.43381285792193,2.030279545766846,1.4059310710967183,56.30792756212109,True
2026-04-18,West,Truck,High,Electronics,39,29.2555949539032,4.93133046082985,2.8053831954357906,79.62620343020747,False
2026-02-13,East,Bike,Low,Grocery,37,6.859929837687755,0.5,0.9744132186022084,42.8002200733382,True
2026-03-25,North,Truck,Low,Grocery,31,35.98970199684707,5.507000732045632,1.4918576492497118,85.98730853010966,True
2026-01-30,North,Truck,Medium,Electronics,41,26.03932792343529,4.599661021629819,2.048932030980944,75.59808215603464,False
2026-03-03,North,Bike,High,Home,30,38.028490915590936,2.340762808624446,2.867409529510344,95.24663827646164,False
2026-03-16,South,Van,Medium,Clothing,39,14.216348610874384,1.334125689363133,1.748163082078317,58.254431776580205,False
2026-04-29,South,Van,Medium,Clothing,40,20.072764781535835,2.327597294048254,1.4251320930636189,68.26971294177046,True
2026-04-02,West,Van,Low,Clothing,38,3.0,0.5,0.891988224751777,35.56458868370841,True
2026-03-30,South,Van,Medium,Home,39,16.838792133042514,1.8793640154822917,1.3360023053642869,52.46075769031471,True
2026-04-13,West,Van,Low,Electronics,52,22.345378073503085,1.671448499831641,1.192980733866441,63.25340544458476,True
2026-03-03,West,Bike,High,Grocery,42,6.335631779924071,0.5,2.1942882019533205,48.23992465142175,False
2026-04-07,North,Van,Medium,Electronics,36,20.448358690214405,2.410165526693616,1.7289104856953996,56.39600148058385,True
2026-01-01,West,Truck,Low,Home,39,6.113938408257802,0.5,1.0014193678972627,39.51662019945724,True
2026-01-27,East,Van,Low,Grocery,36,21.68285833579717,3.087830461842343,1.9083488220279856,68.7434564571037,False
2026-03-03,South,Bike,Low,Home,41,34.32400734397413,2.263342128235648,1.7567863679262583,88.94066321695787,True
2026-04-26,South,Bike,Medium,Clothing,32,23.685182248972897,0.5,1.3810273393946333,71.37016320593237,True
2026-03-18,West,Truck,Low,Clothing,33,38.92386635350623,7.1125236578054185,1.8976302511530911,91.21055251729244,True
2026-04-15,East,Bike,Medium,Home,50,31.076633070551487,2.91256157049904,2.19556437101256,95.2452589141717,False
2026-01-03,West,Van,Medium,Grocery,47,36.13333063746274,3.712778470388205,2.1474576954668168,95.38598164895906,True
2026-04-13,West,Bike,Low,Grocery,34,17.11549283209545,0.5244320266501401,0.9798922302569352,58.67719232368968,True
2026-03-11,East,Van,Low,Electronics,29,16.89772534446658,2.53309776956028,1.2561578033370542,45.116900812242434,True
2026-03-13,West,Bike,Low,Clothing,42,27.11052074746832,1.3363730792626407,1.886562254290995,78.44540113035724,True
2026-01-27,East,Van,High,Electronics,33,9.80068117530427,1.1015393019227326,2.3444956006062787,54.42354257324944,False
2026-01-09,East,Truck,Low,Electronics,43,28.24029374785881,4.925025911183361,2.445247817743455,73.41353358201778,False
2026-03-03,East,Bike,Medium,Home,44,21.084721651077636,1.0905795321023313,1.7109736367655537,65.36312793882914,True
2026-02-06,North,Van,High,Home,36,35.96997153791992,3.6683725988390905,2.8722666876389797,91.09047870042964,False
2026-04-07,East,Van,Medium,Electronics,49,30.11561028671469,2.5895613403626943,2.3609671197976194,88.68308033621226,False
2026-02-20,South,Van,High,Clothing,30,33.870357873061145,3.272643183589313,2.714895614704577,88.75726005695792,False
2026-04-16,South,Van,Medium,Home,33,17.212145267444576,1.6899288222664497,1.6389130149092943,55.36043237018785,True
2026-02-13,West,Truck,High,Electronics,33,33.43389241885555,4.6248998898570095,2.9452135642172688,85.20479922557551,False
2026-01-24,South,Van,Low,Electronics,28,37.00241244927855,3.368682188980027,1.6715061284885535,84.04673326869603,True
2026-03-20,South,Van,Low,Electronics,39,23.65157558957693,2.4985360293953733,1.4194083718715471,63.781893642755335,True
2026-02-28,East,Van,Medium,Electronics,41,17.345844425701607,0.9889467991462866,1.4253170214341109,57.42728109733922,True
2026-04-28,West,Bike,High,Electronics,42,17.503915188890314,0.567091978359368,2.431628601017888,59.98028869640264,False
2026-02-01,South,Van,High,Electronics,41,35.151116928143686,4.565934574573747,3.224290994825405,98.7610180361452,False
2026-04-06,West,Van,Low,Home,49,48.15911168180981,4.901245835376996,2.1759346351299853,105.67650672955637,True
2026-03-29,East,Van,Low,Clothing,38,15.165194368423002,1.380519874992682,1.93142805581554,46.71985798593556,False
2026-04-15,North,Van,High,Electronics,38,14.473319549616958,1.3622229271781026,2.2635845857753183,59.71746459524186,False
2026-02-21,North,Bike,Low,Grocery,40,32.29272762607031,1.6257314477794174,1.5856700771641994,81.99938810023707,True
2026-04-23,East,Van,High,Home,43,17.2147782357002,2.0662427061757938,2.914290629886516,66.86711062335188,False
2026-03-03,South,Van,High,Home,40,33.16519845805443,3.709535607025725,2.292354160352716,91.56102634883744,False
2026-04-23,North,Bike,Medium,Electronics,42,28.188115561739814,1.3745050700166557,1.7777766245100135,77.66432041064827,True
2026-02-27,East,Bike,Medium,Home,39,23.784204277518324,1.2119043948514336,1.7233707005271817,63.401237747948,True
2026-02-21,South,Van,Medium,Electronics,31,27.97144381069519,3.527749503218521,1.7893853495314282,78.77828062289521,True
2026-01-12,South,Bike,Low,Clothing,41,27.421785322380547,0.8285610532193175,1.2444235237471064,63.442536447780185,True
2026-02-08,South,Bike,High,Clothing,51,22.38354151992442,1.2051828761489187,2.424802818051484,79.28217222894007,False
2026-01-02,East,Van,Medium,Home,44,8.192750715253549,0.921099768259677,1.8271797832266805,50.09661821612022,False
2026-01-03,South,Bike,High,Home,37,25.607856557301314,1.0589248236069704,2.66738284932165,76.95295914492114,False
2026-04-23,East,Truck,Low,Grocery,41,38.15754329457748,5.862607739088425,2.2509799468876746,90.39130472562287,True
2026-04-11,North,Truck,High,Home,50,9.521082031159288,1.065513307468842,2.171825909517688,55.37199980209579,False
2026-04-23,East,Van,Medium,Grocery,51,15.307934818749498,1.894059237784374,2.059736557000248,61.834774984517296,False
2026-02-25,South,Van,Low,Clothing,43,27.841442772894094,2.3211584961769094,1.692847115142596,78.15884901558037,True
2026-03-22,West,Bike,Low,Clothing,43,24.347326764590527,1.8171531201415057,0.9119011684893168,63.817724353188645,True
2026-02-28,South,Bike,Medium,Electronics,42,27.7006394362586,1.4905478483039225,1.7600766012220868,80.06581542096235,True
2026-04-23,West,Truck,Medium,Clothing,43,17.70613612955104,2.5428358633352413,1.7375651677240596,69.94650101274468,True
2026-01-02,East,Van,High,Grocery,47,34.462124579330755,3.166409385985306,3.2959917651290604,95.89911941063448,False
2026-01-02,North,Truck,Low,Home,45,24.4221050912119,4.249222297332204,1.0601530711548282,65.93874176927139,True
2026-04-02,West,Truck,Low,Electronics,34,30.27286970108751,4.398956843353282,1.692184062713742,85.75911223211332,True
2026-02-23,South,Van,Medium,Grocery,42,26.882496698739864,2.297400301595168,1.673633953844031,75.87140107827058,True
2026-03-28,South,Van,Medium,Home,33,25.57945471164893,3.159001238276792,2.20654352004821,72.04580432207023,False
2026-04-11,North,Bike,Medium,Electronics,45,29.64150291325317,1.223345044156328,1.7731814719906736,81.80620056321045,True
2026-04-06,South,Van,High,Clothing,48,25.678391585702556,2.653714075133749,2.387518403109765,83.48082359583537,False
2026-04-07,South,Bike,High,Grocery,36,13.288208747140391,1.09931318017449,1.9751133626850363,56.98234883082268,False
2026-01-01,South,Van,High,Home,29,33.78621143144368,3.618633121553016,3.000555338361214,89.43858202225857,False
2026-01-19,West,Van,High,Electronics,36,31.36314557623365,4.072013481146022,3.0485456348105724,91.45379436034602,False
2026-01-02,North,Van,Medium,Electronics,34,5.038346477779712,0.5,0.9026598722691356,37.46243193438477,True
2026-02-22,South,Truck,Medium,Clothing,41,18.112197436118905,2.7126605011285467,2.0181679625108724,59.45393614035083,False
2026-02-13,South,Bike,Medium,Home,36,33.381244162435266,1.7760382658134828,1.941395060264448,82.3605060744314,True
2026-03-31,North,Van,High,Clothing,37,7.557643081699496,1.0731082522367448,2.097035362069564,44.585482686713306,False
2026-02-01,South,Bike,Low,Clothing,35,32.492101937106696,2.3669460140680103,1.7393959044672458,74.74856069325753,True
2026-03-11,East,Truck,Medium,Home,37,22.728997179111744,3.556121992095234,2.230975872439808,63.97204600942272,False
2026-02-01,South,Bike,Low,Home,35,36.06254313300592,1.9214911486531976,1.2722385315627012,83.69432923781903,True
2026-04-29,North,Van,Medium,Home,38,23.98967889832083,1.8515699438002475,1.8352802401221855,74.00473057092613,True
2026-03-09,South,Bike,High,Grocery,45,17.50138806303935,1.013147878875677,2.4854779497216946,74.99572198210835,False
2026-02-24,North,Bike,High,Home,46,26.772770946832264,1.1798673975773704,2.440490411554431,82.66373805354932,False
2026-03-16,West,Van,Low,Electronics,44,23.726530594410125,2.7695820521825096,1.4209491680368187,69.37847117847923,True
2026-02-25,North,Van,High,Clothing,47,16.702339792733873,1.569387793088944,1.983876592930761,68.265595708276,False
2026-01-17,East,Bike,Medium,Grocery,45,43.96509134710248,2.3097928996241044,2.755975456625265,92.27869681197556,False
2026-02-07,West,Bike,Low,Home,40,15.260116365741167,0.5,1.2681935646048024,47.11372580759744,True
2026-01-24,South,Van,Low,Grocery,44,3.8134016244618536,0.5,0.6723613212216553,40.03709397373957,True
2026-03-10,West,Truck,Low,Home,39,38.23529071309344,6.763914228612107,2.245447311458404,92.47712646489272,True
2026-04-26,North,Bike,Low,Grocery,41,18.747928749156664,1.0894938405079908,1.0342741166707328,62.71732968679268,True
2026-04-08,East,Bike,High,Clothing,40,21.32904065130874,1.3550482007557545,2.6964011169380075,71.3709530872116,False
2026-03-11,South,Bike,Medium,Clothing,38,20.77884541833869,0.7323037645763891,1.7158309290046865,54.8730380954201,True
2026-03-27,East,Bike,High,Electronics,33,18.873137092575067,1.4320081633220043,2.591189067856682,61.3507375650955,False
2026-01-11,North,Van,Low,Electronics,43,17.104267758628986,2.1087610678130058,1.340291185960406,52.17407579763912,True
2026-04-22,North,Van,Low,Home,37,15.02864427752732,1.2169154116501042,1.206666333112454,54.79824152562091,True
2026-01-16,North,Van,Medium,Clothing,31,24.58283785534109,2.1044205286803903,1.9249731542675597,66.99654319369571,True
2026-04-07,East,Truck,Low,Grocery,43,20.382111980919284,2.829589899320216,1.710302122647331,70.08427611107699,True
2026-03-14,West,Truck,Medium,Grocery,45,30.57325971300552,4.726128063597655,2.35016774117632,89.32674424446233,False
2026-02-28,East,Van,High,Grocery,45,28.344246464545385,3.051344030190367,2.7762867369838,92.90207425114966,False
2026-03-11,North,Bike,Medium,Electronics,49,15.652390258271362,0.878158767912318,1.5084869329704509,55.398639932104494,True
2026-03-21,West,Truck,Medium,Grocery,40,24.976691484651205,4.455815729009029,1.936895353176795,74.36832786191722,True
2026-04-03,South,Truck,Low,Electronics,43,20.23945508290782,2.815384955307486,1.0118535697799975,59.02353493381778,True
2026-01-03,South,Truck,Low,Electronics,34,15.07505601629701,1.8476357865630224,0.94638090416607,52.52569591642682,True
2026-01-20,North,Truck,Low,Home,44,30.204884134636192,4.681801600701929,1.3965908613755609,73.10950169496628,True
2026-02-28,East,Van,Medium,Grocery,37,22.90807248622472,1.6434594439296697,2.1958502333059937,73.9982941914056,False
2026-02-05,North,Van,Low,Grocery,34,20.332049818465688,2.447947105268676,0.9852581556655466,55.10001946760239,True
2026-01-19,East,Van,Medium,Clothing,48,16.299894872190485,1.755572430594258,1.7856655998379494,50.96864192853977,False
2026-03-31,West,Van,Medium,Home,45,14.74856915033995,1.3964826423762189,1.739305092822178,67.62918626174273,False
2026-03-08,North,Truck,Medium,Clothing,39,41.89891221523092,6.317232600398679,2.254575877935799,100.07579733144756,True
2026-01-19,South,Truck,Low,Home,47,27.00706784666997,4.5955936181884,1.9801526796381552,67.67532134024782,True
2026-01-20,North,Van,Low,Grocery,38,14.17983866517465,1.884049630745677,1.211465470336848,49.80739435567502,True
2026-04-06,South,Bike,High,Electronics,38,26.590793084905314,1.3516262833837835,2.6005902940162477,76.9714438080188,False
2026-03-12,South,Van,Medium,Electronics,43,33.55814559115984,3.789901257672829,2.374565679112256,86.08383290031996,False
2026-02-21,South,Bike,Medium,Electronics,39,25.50765851277038,1.791437926030523,2.0052646066971134,76.47077487436819,False
2026-04-15,East,Bike,Low,Electronics,43,36.36619207919812,2.1511273658870174,1.8291325897837427,89.63649318727525,True
2026-02-02,South,Van,High,Electronics,39,10.114681721370296,0.9695823219109548,2.428550532178738,55.866401770666535,False
2026-02-09,East,Truck,Medium,Clothing,35,6.078101573578103,1.1136312122753764,1.8716675038891963,41.24732300559361,False
2026-02-08,East,Van,Low,Home,36,26.34465679668378,2.2985999743335777,1.543168729131363,74.30757182249991,True
2026-03-23,East,Truck,High,Grocery,31,26.48846529036495,4.137709626188833,3.0541159885425544,68.1098301083812,False
2026-04-14,East,Truck,Low,Clothing,40,3.0,0.5,1.129922269538185,30.10533653369781,True
2026-01-01,East,Van,Medium,Home,34,18.387815179181864,1.755281063107035,2.16228243081578,55.12779936145105,False
2026-01-11,South,Truck,Medium,Electronics,32,14.922039170548905,1.5359816160965365,1.6426467356477528,59.120449579365264,True
2026-04-02,South,Van,Low,Home,35,11.472483833671593,0.742191814399924,0.9962779791798028,41.886886863798615,True
2026-02-26,West,Van,High,Home,43,14.900624118511702,1.3459128615873068,2.312912042940217,56.706190422240894,False
2026-03-30,East,Truck,Medium,Electronics,42,29.36209021439424,4.953891614518547,2.6746534218744538,82.01787756289573,False
2026-02-19,North,Van,Medium,Electronics,44,14.843354808392624,1.68717282556302,1.1602328862781754,52.78346204845994,True
2026-01-23,South,Truck,Low,Electronics,36,15.151900788763426,2.771398033870887,1.0723908150394872,49.81181381004152,True
2026-01-31,South,Van,Low,Grocery,40,9.430752220280889,1.5495400052095518,0.9549389836830674,55.72338544584387,True
2026-04-04,West,Bike,Low,Electronics,51,35.42018678264243,2.0962993884076067,1.484837580291946,91.11698228311316,True
2026-02-11,North,Van,High,Grocery,39,27.91169128923571,2.9938596201758827,2.10904867744191,81.12791846124199,False
2026-04-09,North,Truck,Low,Electronics,39,3.0,0.5,0.9781743916927612,32.964359370279084,True
2026-01-07,South,Truck,Medium,Grocery,44,15.15983928699132,3.243777158541644,1.7194415550471958,62.35518882594391,True
2026-01-16,South,Van,Medium,Home,44,28.75666095955433,2.3814195684836195,2.009995889239102,82.20717663783236,True
2026-03-31,West,Bike,Low,Clothing,46,35.53253294084553,2.007719651440327,1.9199132012168976,86.33342350556525,True
2026-04-22,North,Truck,Medium,Home,37,31.56754883429991,5.267729620911908,2.195134030625664,81.80750040436199,False
2026-04-26,West,Truck,Low,Home,34,20.79885380767903,3.604854250079352,1.2655980978104029,52.35898099971264,True
2026-03-01,North,Bike,High,Electronics,47,6.617608252862656,0.5,1.8969270692516012,42.96724004159244,False
2026-04-23,West,Bike,Medium,Grocery,42,31.832240945201796,1.5618169006956828,1.913886539546361,82.21586208619527,True
2026-01-02,North,Bike,Low,Clothing,38,21.327928338115463,0.8135064111434018,1.386601162450102,58.53186299734824,True
2026-01-01,North,Truck,Low,Electronics,33,24.61975813153563,2.924867107083313,1.32210158566578,68.33102027558205,True
2026-02-17,East,Truck,Medium,Electronics,35,22.40321605612353,3.53114552248438,1.868852571206681,67.5108836060196,True
2026-01-12,West,Van,High,Electronics,39,11.80023450381359,0.9160976945924372,1.7741602537546517,53.34649151343917,False
2026-03-10,West,Van,Medium,Home,37,27.2782519100069,3.54168347867083,2.253914122429668,75.45728275799249,False
2026-02-06,East,Truck,Medium,Grocery,42,26.03813128002102,4.31273884558816,2.132043365692912,72.02793955625796,False
2026-02-01,West,Van,Low,Grocery,35,20.167900413766816,2.136260421041864,1.4236722903469514,69.39325253140872,True
2026-04-29,North,Truck,Low,Clothing,25,28.239952198762385,4.164477801241278,1.4936720984309326,70.70313740289649,True
2026-01-09,West,Van,Low,Grocery,33,11.634004073190246,1.2733726590885293,0.9407360630436477,37.46967137828024,True
2026-04-15,South,Van,Medium,Grocery,46,21.57897501705202,2.150649159628361,1.809375711603656,77.42998677752854,True
2026-04-09,East,Bike,High,Electronics,25,24.2351472564221,1.3642256981051144,3.086910995878177,69.398733227668,False
2026-01-19,West,Bike,Medium,Electronics,28,8.385651310784441,1.3169469189675302,1.0350775775318488,37.96407457781504,True
2026-02-17,East,Van,Low,Home,41,23.48613050247552,1.9869034328534745,1.5860121493044257,76.60193554155467,True
2026-03-21,South,Truck,Medium,Electronics,37,30.602806320131663,4.667546138728684,2.4549652464404543,81.52353308518191,False
2026-01-03,South,Bike,High,Electronics,25,21.27092168361419,1.4877754727347812,2.1842876247438823,71.47375864562942,False
2026-01-20,West,Van,Medium,Electronics,50,23.6929658773709,2.307698038320323,2.1167440999216653,76.38939768928564,False
2026-01-24,North,Bike,High,Electronics,45,29.0610963531075,2.309604127694679,2.60206442032698,84.61475076612761,False
2026-02-23,West,Van,Low,Home,37,20.509799020203545,2.4588355159766992,1.3457893084492154,57.288162130383895,True
2026-04-30,East,Van,Low,Electronics,30,21.3198234041014,1.915080770604316,1.4984432926054156,57.39943900166847,True
2026-02-02,North,Bike,High,Clothing,26,13.409668369207797,0.8293626763301709,1.7151188205402903,64.10931736849226,False
2026-01-24,East,Van,Medium,Clothing,38,23.865569004113112,2.188810815047366,2.287423496827013,70.65056972240936,False
2026-04-26,South,Truck,Low,Clothing,39,20.986363647556978,2.894390123911989,2.0942538340061843,68.013438852294,False
2026-03-16,East,Bike,Medium,Clothing,42,28.4918081554799,1.5039603576820832,2.174040270249078,77.54007700485136,False
2026-04-23,East,Van,High,Electronics,43,29.07113958764915,3.6211621795589615,2.578873997857529,81.32334847413746,False
2026-03-13,North,Truck,Medium,Clothing,42,31.12088135111593,5.159186877326092,2.1231968722216936,74.78628372488942,True
2026-02-05,South,Bike,Medium,Electronics,37,19.425656841943823,1.058251203383145,1.9110238055840416,65.70978403078313,False
2026-02-07,West,Van,Medium,Home,35,4.410770229382958,0.8146646617462873,1.074094471536693,47.107184247603456,True
2026-04-14,South,Bike,Medium,Clothing,38,30.67475771818297,1.8079900941871865,1.8529457779876333,75.7560094219511,True
2026-03-25,East,Truck,Medium,Grocery,46,27.88008867687668,3.7949618833845062,2.201636846201764,80.66100029234894,False
2026-04-09,South,Truck,High,Clothing,44,18.28237555782519,2.768456282828165,2.4338065747613875,61.77960353622529,False
2026-04-22,South,Truck,High,Clothing,37,28.994461796106037,4.461219760204776,2.8647992881594564,80.5229323986549,False
2026-03-30,South,Van,High,Electronics,37,10.962691777353823,1.4938432882388346,2.073821521198681,56.69185618177117,False
2026-04-09,South,Bike,Low,Clothing,33,33.27216191583248,1.5750571800998427,1.336153914858442,70.17038054118834,True
2026-01-25,North,Bike,Medium,Grocery,43,20.997379033853548,0.7441567878145985,1.5482989328135186,66.49582123882608,True
2026-04-03,East,Truck,High,Electronics,40,16.539651482955943,2.543149849304108,2.653260042812824,60.65295743149599,False
2026-01-18,North,Bike,Medium,Electronics,31,18.40468599385001,0.7218167028642017,1.3509977561392292,62.23105941915888,True
2026-04-20,North,Truck,High,Home,38,21.916635125998088,3.251499295717068,2.438419748961528,71.7837812345294,False
2026-03-23,North,Truck,High,Home,38,23.89189134030483,3.666847349946242,2.1505806316728724,80.36962667481039,False
2026-03-07,North,Truck,Medium,Clothing,39,24.434522523594666,3.614981117481168,1.8607532402631115,69.39551847784766,True
2026-02-23,South,Truck,Medium,Home,43,20.133533004376883,3.5541298499621847,1.820078966080108,58.43507855763663,True
2026-02-04,East,Truck,Low,Home,39,25.802156161153317,4.635767002680753,1.9004728139941347,61.47854164460632,True
2026-03-21,West,Bike,Medium,Home,38,24.074513469000905,1.7124080751262465,1.822589558867909,60.41044835916156,True
2026-03-02,North,Truck,Medium,Electronics,42,18.171843039830406,2.0195969468540245,1.845928123960244,65.09114587478707,False
2026-02-10,West,Van,High,Electronics,28,16.816284380208625,1.4768217118860802,2.353115239743521,74.69389538566834,False
2026-04-10,East,Van,Low,Electronics,45,29.475289886053535,3.0145119844711337,2.076829282213481,78.46289000930865,True
2026-02-02,South,Van,Low,Home,44,28.71893432398115,2.184665137310486,1.549720089636556,83.19458261219249,True
2026-03-09,West,Truck,Medium,Electronics,32,24.51422719645137,3.405553942732786,1.895148412086086,74.62491860844472,True
2026-02-02,West,Truck,Low,Home,38,32.31775919391181,4.923109188901683,1.7418650326358938,76.14084670119288,True
2026-01-14,North,Truck,Low,Electronics,37,6.348051094491289,0.781909583138072,0.9288862998253492,44.526059101414624,True
2026-01-21,South,Truck,Low,Electronics,45,18.92044822643967,2.9365620548871623,1.5604828672423443,57.53382129341892,True
2026-02-17,West,Truck,Low,Grocery,46,13.5931459889882,1.4855648657185418,1.1763477532077784,49.65583693523992,True
2026-01-20,East,Van,Low,Clothing,38,44.306450386240655,4.445050232732693,1.995796807311024,96.27203646899146,True
2026-04-30,North,Truck,Medium,Home,39,30.41897838356388,4.783301037279362,2.13435373698569,79.26342638288837,False
2026-01-08,West,Truck,Medium,Grocery,38,23.28844214707552,3.614299194937897,1.7256826508945131,72.04393264389779,True
2026-01-07,West,Bike,High,Electronics,30,31.064915209615407,1.9096724464703945,2.4029362284547213,81.19618489544986,False
2026-03-08,East,Van,Medium,Home,45,34.04648097379604,3.7497389651474737,2.1722898794650254,91.81755940229876,True
2026-01-17,West,Van,Medium,Electronics,45,33.95068522371664,3.381623812550873,2.101722461444028,91.59728251191814,True
2026-02-02,West,Van,Low,Clothing,40,32.29533136590318,3.4450632908036387,1.8893030989750708,80.97258127937236,True
2026-02-17,North,Van,Low,Grocery,36,21.637137090461444,1.911902501885685,0.95582459710668,71.31562203325245,True
2026-03-17,North,Truck,Medium,Clothing,47,19.487711224644432,2.8989924962576072,2.009597221365188,71.80291564149043,False
2026-02-28,East,Van,Low,Grocery,37,15.340297380173832,1.1357033625408848,1.6384524598018957,57.48610739027177,True
2026-04-25,West,Truck,Medium,Electronics,29,28.522025400561063,4.9003549316112816,1.7649398092461546,74.65990624358591,True
2026-03-27,South,Truck,Medium,Clothing,49,22.56957838204097,3.375212213977521,1.9073613210449727,72.46167718123513,True
2026-04-29,East,Van,Medium,Clothing,36,20.233760725345235,2.603319426963878,1.7992523905576008,66.06136593972388,True
2026-01-22,East,Van,Low,Electronics,39,19.764047744449776,2.215398244077027,1.7109772791147084,59.62048087153518,True
2026-04-20,South,Van,Low,Clothing,51,37.0517336757122,3.4918840182044764,1.6412250256757157,87.83233989581156,True
2026-01-30,East,Van,Medium,Home,37,32.57412371557504,3.5332809596860635,2.0240429640640705,70.82132804475975,True
2026-02-07,West,Van,Low,Grocery,28,40.473544705153486,4.614095413330646,1.7847273206936545,92.16282133861203,True
2026-04-12,East,Bike,Medium,Grocery,43,28.761146699028977,1.5469517122254626,2.405751687475309,83.8270134679117,False
2026-04-19,South,Van,Medium,Grocery,32,24.512589962294083,2.607135154594436,1.9080061439630407,63.14892016077165,True
2026-02-20,South,Bike,High,Home,40,23.77137794329568,1.059269998121477,2.614962542847079,79.07147906071076,False
2026-02-23,East,Van,Low,Grocery,37,14.817286074646743,1.5666614897527145,1.5195418721645415,48.369160024114834,True
2026-01-08,South,Bike,High,Electronics,41,12.647229074237394,0.8026517840440206,1.9244463613998717,57.25055915303259,False
2026-01-27,South,Truck,Medium,Clothing,38,28.566069197035876,4.16727360918723,1.990737108500012,83.47120989222238,True
2026-01-27,South,Truck,Medium,Home,39,15.587891605650707,1.930440027370015,1.7635957025119944,52.128060037688535,False
2026-04-08,North,Bike,Low,Grocery,38,25.903119784805124,2.0042583129767197,1.0564576697982246,63.829096722981845,True
2026-01-21,North,Truck,Medium,Electronics,39,34.0392001478569,5.547930250610954,2.493410863087727,94.7049320573982,False
2026-01-30,South,Truck,Low,Clothing,45,18.010914602721932,2.545245616004777,1.121556267171639,57.78913414153708,True
2026-04-07,South,Truck,Medium,Clothing,46,42.0943347113242,6.623467645976376,2.4330623463751397,106.35894676870784,False
2026-01-28,South,Truck,Low,Home,49,15.083743911503106,1.6726199058301363,1.3595284656063602,47.10628875368514,True
2026-04-21,East,Van,High,Home,27,32.911752808408615,2.5660521066232445,2.952199260213637,78.9802005050791,False
2026-03-05,East,Van,High,Home,59,27.82280563019126,3.409254480535093,2.308734131950705,83.08062614890437,False
2026-04-07,North,Truck,Medium,Electronics,40,34.74685724951536,5.489060886792574,2.567312322955116,84.65032485408537,False
2026-03-10,West,Truck,Low,Electronics,45,13.954221497762791,2.141438220885156,0.9221486642423788,45.21261033826677,True
2026-03-02,South,Bike,Low,Home,33,44.763188252582495,2.566671096057866,2.010502399409858,98.46942417365288,True
2026-02-17,East,Truck,Medium,Grocery,40,22.39102424595385,4.922368004636713,1.909959024697741,70.07905842451237,False
2026-01-19,East,Bike,Medium,Clothing,52,30.08983145369353,2.0460336087635405,1.9908853700314424,78.7085243640323,True
2026-01-04,West,Van,Low,Clothing,42,37.000387400518505,3.41459255718578,1.4001086651392276,83.01760697384968,True
2026-02-04,East,Van,Medium,Electronics,33,18.55804139254306,1.1924249698528748,1.8171672060147808,56.57105698918394,False
2026-03-05,East,Van,High,Clothing,38,31.431537266524607,3.774852506496821,2.9063019220620223,81.53445376864794,False
2026-02-18,East,Truck,Medium,Grocery,48,17.056773193006563,3.02904297931952,1.981272384468624,47.40020994927059,False
2026-01-17,North,Bike,Medium,Clothing,40,36.57265422412056,2.270273327724329,1.8062278858343943,89.46241251666254,True
2026-02-13,North,Van,High,Electronics,41,17.158373418941395,1.4358336450841194,1.8731048786091404,63.92329033585428,False
2026-04-02,East,Bike,Low,Electronics,43,24.346562842461832,1.5025393817831896,1.4760157067955522,66.13644318168298,True
2026-01-30,South,Van,Medium,Grocery,41,26.75508630910764,2.4837787365217427,2.332773384093533,69.89136617407299,False
2026-04-03,East,Truck,High,Grocery,28,31.058697927503538,5.1123500274724805,3.462745994751429,88.03346928338183,False
2026-02-15,North,Truck,Low,Clothing,49,41.71628677583891,6.908220058527585,2.02092914042451,108.50720244963571,True
2026-04-27,South,Van,Medium,Clothing,34,19.9322790934696,1.8483265633410169,1.965375522667684,58.2446083147721,False
2026-01-06,South,Truck,Medium,Electronics,41,34.24861296846246,5.817849582658622,2.8286925852135427,93.56383079597856,False
2026-04-09,South,Van,Medium,Grocery,37,41.73232603770723,4.433577813762478,2.5680266576153907,98.87835441918268,False
2026-04-15,East,Van,Medium,Grocery,47,25.491600247784252,2.89796097161624,2.32005320496924,74.84907984297776,False
2026-02-06,South,Van,High,Grocery,33,19.048805248917372,1.4107895374754622,2.150043312795517,65.04503445300777,False
2026-01-24,South,Van,High,Clothing,42,8.429696345082375,0.9896146439133542,1.946069743529963,52.409944983707724,False
2026-04-03,South,Van,Low,Grocery,44,40.94948190669956,3.995682625866853,1.9627933275940088,99.53965040387745,True
2026-04-23,South,Truck,High,Electronics,36,21.800001030680725,3.5925852140618906,2.488648458634604,66.17959679277257,False
2026-02-15,East,Truck,Low,Electronics,37,14.98777350692504,2.983328094916449,1.272905252082439,50.21601527997655,True
2026-02-22,North,Truck,Medium,Clothing,47,11.775029242112137,1.9554136267197395,1.1927528273440182,59.65629636438633,True
2026-04-05,East,Van,Medium,Home,40,14.971072286489628,1.1665778821864785,1.564559381191284,61.323735511698914,True
2026-04-09,East,Truck,Medium,Clothing,37,32.277347639044486,5.284898625351809,2.3364368354876963,76.77695914576775,False
2026-03-01,East,Van,Medium,Home,39,33.520816749072644,3.7004906942571,2.482413443460473,83.96430657215738,False
2026-04-07,East,Van,High,Grocery,51,29.869096843099825,4.06262595440562,3.3985940307723403,92.21713934597486,False
2026-04-26,West,Bike,Medium,Clothing,38,25.19104044618028,1.49979280694534,1.9371184910328028,75.00325328818492,True
2026-03-04,West,Van,Medium,Electronics,31,12.79031469448798,1.0795192968704068,1.6553917694083324,55.38066038267281,True
2026-03-26,South,Truck,Low,Grocery,32,17.430531486881573,3.0485209320075137,1.0155401185727453,55.89875324550293,True
2026-02-01,North,Truck,High,Electronics,41,14.04042530386852,2.118810789562104,2.187573535089095,64.00242496097513,False
2026-03-28,South,Van,High,Grocery,37,29.155389049736385,3.0974287955926187,2.768279936981383,85.2648351367272,False
2026-02-02,South,Van,High,Clothing,44,14.430187690244662,1.097355493806691,2.4262541181933925,70.58545630751867,False
2026-03-08,East,Van,Low,Home,30,17.571785000517668,1.789941759292819,1.4226997567297497,51.527210853646295,True
2026-01-18,West,Bike,Low,Grocery,43,22.34861481301344,1.2430359285864354,1.6084089570535531,64.92130877489693,True
2026-01-25,North,Van,Low,Home,32,8.971798622132876,0.884281951242357,0.8179477170750318,35.791443702717416,True
2026-04-16,North,Van,Low,Grocery,44,24.42094287756762,2.2982996890507303,1.2807903631594726,62.11235262620775,True
2026-04-05,North,Van,Medium,Electronics,36,23.03562407068017,2.548443636076801,1.226423838267412,69.41000081484617,True
2026-02-23,East,Truck,High,Electronics,33,34.65788231365522,4.956409171037734,3.265290340278064,87.33878625645632,False
2026-02-27,East,Van,Medium,Grocery,37,16.62121009469623,1.2236794897073064,2.1777287739980604,57.83444763229237,False
2026-03-08,North,Van,Low,Home,35,12.30724033518898,1.611551512021741,1.0238620719392844,54.96496907216397,True
2026-04-14,West,Truck,Low,Clothing,33,20.63346315367844,3.476174368959436,0.9037266397345216,67.02155640006568,True
2026-02-15,West,Bike,Low,Clothing,42,14.117178359075854,0.5,0.9439172440568158,62.76185035000909,True
2026-01-24,North,Van,Low,Electronics,25,24.35239132631812,1.7337013183687944,1.6268004921432355,70.93446909778869,True
2026-04-24,East,Van,Low,Clothing,40,7.260586243560546,0.5,1.1743043627826515,52.4689996364463,True
2026-02-01,East,Van,Low,Electronics,51,18.55189136960447,1.8902140462955304,1.6009855553280044,63.21807996194974,True
2026-02-16,South,Truck,High,Clothing,39,15.644654971600024,2.9443788292424813,2.8202207065557783,58.65411229275712,False
2026-03-27,North,Van,High,Grocery,42,29.10981369377462,2.9877953823307006,2.497693851538956,79.87824837792326,False
2026-01-23,North,Truck,Medium,Electronics,42,16.704917613371713,2.243049758145001,1.7229024336300949,66.63427533793376,True
2026-03-07,North,Bike,Medium,Electronics,31,8.375138172613509,0.5274964025811203,1.2939033057383105,43.91959668160304,True
2026-01-27,West,Truck,High,Grocery,31,22.183619127589065,3.387153712913994,2.7164230927359267,71.69526722699312,False
2026-04-16,West,Van,Low,Electronics,37,26.878975262470583,2.200839114205562,1.5513981662882372,67.27705621706033,True
2026-01-02,North,Bike,Low,Clothing,45,21.559153260653467,0.5669751311225206,0.9531008630569028,61.87081785576646,True
2026-03-31,North,Truck,High,Clothing,43,18.49809498702803,2.2605158470374622,2.2092790882607907,70.63084367877806,False
2026-01-17,North,Truck,Low,Electronics,47,17.955941094741636,3.899104060393525,0.9519741620033364,53.71559124622935,True
2026-04-14,North,Van,Medium,Clothing,43,25.016532291978304,3.013727538780848,1.354022059333631,74.10131738160685,True
2026-02-02,West,Bike,Medium,Home,39,15.994961256844066,0.6125506427855105,1.812245639443646,65.26759092378396,False
2026-01-09,South,Van,Low,Electronics,48,21.043653257305195,2.7083036622900645,1.4034654886368718,53.38948334052896,True
2026-02-12,South,Van,Low,Grocery,40,30.75401913798636,2.9735466800409087,1.941401501240705,69.1621702734933,True
2026-04-28,North,Van,High,Home,37,12.288092289849192,1.7740808690723435,2.3954703395471717,60.784592856781536,False
2026-02-17,East,Truck,Low,Electronics,48,23.60699682233755,3.695222413143575,1.787410312819762,74.85068444292752,True
2026-02-08,South,Van,Low,Grocery,43,7.899095284826956,0.5329219424980466,0.7367208277374042,39.83413404078337,True
2026-04-03,East,Van,Medium,Clothing,39,26.051367030089576,3.0413126937824417,2.1511633802007317,63.30841582141616,False
2026-02-11,North,Van,Medium,Grocery,40,15.19071710280845,1.6569091035205454,1.2863688951637833,63.905232379056855,True
2026-04-29,West,Van,Low,Home,41,33.17632631727716,3.662734760794798,1.212261936644393,76.84798003220698,True
2026-01-26,East,Truck,High,Clothing,26,10.70747421319186,1.7566366634775874,2.391436650777665,50.07035331580933,False
2026-04-09,North,Truck,Medium,Electronics,34,27.97871133120907,4.428956904129324,1.903562328514105,76.48222692497293,True
2026-02-19,South,Van,High,Clothing,40,34.99017970673844,4.034218118846571,2.808188053124303,90.1026116858908,False
2026-01-25,West,Truck,High,Electronics,35,14.723795387215782,3.4449013669863966,2.164041929307763,56.24123421439849,False
2026-01-24,West,Truck,Medium,Electronics,44,16.243035639045544,3.0796268792993606,1.402641861556532,55.20770427770015,True
2026-01-13,South,Van,Medium,Grocery,43,15.502239200610624,1.7265754381914855,1.736023992655387,67.35811356558487,True
2026-03-01,South,Van,High,Grocery,44,19.627235804361263,1.9210866477531243,2.9220174081464663,76.54028343888638,False
2026-01-07,West,Bike,Low,Grocery,37,28.65679619270519,1.4857930774978891,1.6772480200512356,75.65062080177897,True
2026-02-26,East,Truck,Medium,Home,39,18.89245559501589,2.3630724346527603,2.2145500277647976,51.2711400436018,False
2026-02-05,North,Van,Low,Home,44,13.911375973142787,1.7597390713289398,1.096057891111766,54.77359223364925,True
2026-02-14,West,Truck,Low,Grocery,42,5.831216640750387,0.5,0.8624156264590768,41.41938683521045,True
2026-01-20,North,Van,Low,Home,42,38.41752755861157,3.8662359532320463,1.2506507450886102,82.91650201492212,True
2026-03-06,East,Truck,High,Clothing,44,39.12446067373183,6.365948320734334,3.3542430218841206,102.25646471165348,False
2026-01-08,North,Van,High,Clothing,41,29.04213335539611,2.942627615608155,2.31653414751253,89.75276918215742,False
2026-04-20,North,Van,Low,Home,44,16.706546750175136,1.5326578130302253,1.0613631920038322,59.06197705574033,True
2026-01-16,South,Van,Low,Home,36,30.72931903618482,2.687712190051866,1.949287778757521,72.30959749758533,True
2026-01-14,West,Bike,Medium,Clothing,42,32.5383622574376,2.332006953696233,2.37436747896386,84.26078471444816,False
2026-03-17,North,Truck,Medium,Electronics,33,21.7117668172854,2.9903740172254407,1.7276032508562371,68.54502322279838,True
2026-04-25,North,Van,Low,Clothing,40,24.37231689599001,2.2954491519523743,0.8795775171349822,67.27435135987277,True
2026-03-28,North,Van,Medium,Clothing,33,35.08591406540543,2.8777427379423326,2.0162434186186475,91.8945912469129,True
2026-01-15,South,Truck,Medium,Home,50,9.235847786492323,1.4226189353927554,1.573231925968549,52.29397185326364,True
2026-04-02,West,Van,High,Clothing,36,32.985805408099566,3.313526868987753,2.941797234604323,92.97261170899348,False
2026-04-08,South,Van,Low,Home,38,21.21761569779138,2.3096857109038806,1.4019945702772851,65.63430756653544,True
2026-03-07,East,Bike,Medium,Home,35,13.986795281900546,0.5,1.8043133342603628,48.146119170416526,False
2026-02-01,West,Van,Medium,Grocery,35,14.727241740350951,1.876741739827661,1.4317249687034457,54.877154874327374,True
2026-03-28,South,Truck,High,Clothing,35,16.217500789328206,1.6860678735651191,2.4142423039368306,61.2753538558639,False
2026-03-04,North,Bike,Medium,Electronics,41,13.109363519089172,0.6795351185578219,1.4312813907915058,59.018743428623615,True
2026-03-27,South,Van,Medium,Grocery,42,39.94250076950114,4.245932308210432,1.9493478901484629,97.9870414262469,True
2026-02-20,South,Van,Low,Home,35,28.42082644650901,3.0101850799011847,1.5422201283113588,70.91121868156101,True
2026-01-25,South,Van,High,Home,41,33.58034478247711,3.5969258941822173,3.060776415315589,85.12027739562622,False
2026-02-27,South,Bike,Medium,Electronics,36,29.0613146245501,1.9532745622676453,2.316735150760292,69.14049600744995,False
2026-03-04,West,Bike,Low,Home,36,24.55104847623156,1.9464220834306083,1.2086057309998286,67.68583823788369,True
2026-03-03,South,Bike,Medium,Clothing,42,24.67279791029069,1.2869803173251646,2.109977872459721,68.41677337478328,False
2026-01-22,South,Van,Low,Grocery,36,20.42238624981124,1.7088213704173538,1.7553019959865543,63.06533102769359,True
2026-02-27,East,Bike,Low,Home,44,21.157958612038467,1.416010500693856,1.429052009487145,54.89913452327849,True
2026-02-27,South,Bike,High,Home,32,11.327069635683976,0.5,2.10228009964361,62.481713926354615,False
2026-03-27,West,Truck,Medium,Electronics,46,33.73643535936237,5.798226350931148,2.218426492673111,90.49079525667004,False
2026-02-18,East,Bike,Medium,Clothing,38,7.680900425972592,0.5,1.6185067604883103,45.04132111014616,False
2026-02-21,South,Bike,Low,Home,32,14.472504685237208,0.5,1.3914561007125466,57.80767694413133,True
2026-02-11,East,Truck,High,Electronics,43,42.1083071786455,6.591494800618757,3.363339124949098,110.0499657980062,False
2026-03-11,South,Truck,Low,Home,36,25.22555594758344,3.126773165818787,1.967214091363802,64.80459552566911,True
2026-01-15,South,Van,Medium,Electronics,49,25.59939400527179,2.47759344936231,1.805244595693712,75.78694225706292,True
2026-02-23,South,Van,High,Electronics,48,29.736046929909563,2.9738566681667478,2.521427858538695,77.70950124228608,False
2026-04-17,South,Truck,High,Clothing,35,10.13696256190744,1.67044174144336,2.398302613577011,58.8332435237008,False
2026-03-01,East,Van,Medium,Home,35,11.455859701769793,0.7545428253642386,2.048033571544648,48.07682414778457,False
2026-04-11,North,Bike,Low,Clothing,51,19.99595088106038,0.7040020859377427,1.07492015579145,53.38759963944868,True
2026-04-07,South,Bike,High,Electronics,38,15.869751382070788,1.3934474868272733,2.431126815402871,57.32892179516477,False
2026-01-08,North,Bike,Medium,Grocery,34,23.325396314915395,1.276839142756803,1.9964193028706567,72.02892453036591,False
2026-02-22,East,Van,High,Home,46,28.369943657719222,3.3679308168168505,3.234393430729744,92.92242624464556,False
2026-03-01,North,Van,High,Grocery,44,36.50246743083537,3.588954749615155,2.74973123279316,97.00095211238524,False
2026-04-18,West,Van,Low,Home,35,31.29979505810632,3.26197554801177,1.4994275445030114,71.40442563010032,True
2026-04-18,South,Truck,Low,Clothing,38,15.05150959479941,2.4295244793570547,1.5354625515978857,44.86609142354358,True
2026-01-05,West,Bike,Medium,Clothing,51,20.625323298469866,1.920792489846311,1.83334316963082,75.32232420333382,True
2026-04-13,West,Bike,Low,Clothing,46,18.177493458753467,0.901833959154274,1.233540282754945,61.302453753304015,True
2026-03-09,West,Van,Low,Clothing,33,14.850952088888857,1.4845289671591595,1.0523699059068283,48.60827763455399,True
2026-01-06,West,Bike,High,Clothing,31,12.802423985899509,1.198302181706005,2.1441102911074275,53.68239824776654,False
2026-04-19,South,Bike,Medium,Grocery,52,38.97881148952087,1.9729194846053584,2.1641739748152484,100.33630599742548,True
2026-04-06,East,Van,High,Clothing,43,24.09578018909385,2.658140056107593,2.770169730157654,80.61005176345228,False
2026-04-26,North,Bike,Medium,Electronics,40,21.98192814055727,1.663937690619214,1.4015942362195604,62.78906655058404,True
2026-04-04,North,Van,Medium,Electronics,36,28.358318099348715,2.718494558167092,1.8685813598900185,70.3235305994858,True
2026-02-16,South,Van,Low,Grocery,34,28.80371493367416,3.1775981689534314,1.4807739187500062,66.70624466862748,True
2026-04-09,East,Truck,Low,Home,40,34.0694308833578,6.066259606485715,2.1584475751972247,79.66649496683281,True
2026-02-24,South,Van,Low,Electronics,47,17.30704547969911,2.2318328973455754,0.8325149026174985,54.53699322561984,True
2026-02-09,East,Truck,Medium,Home,43,27.624499951855384,4.41001737389575,2.225689824183069,84.94843501622367,False
2026-02-21,West,Truck,High,Grocery,40,15.799434212842542,2.347967712665909,2.610756691146088,61.17021991860875,False
2026-01-16,East,Truck,Medium,Home,29,22.288578506351445,3.182786441910797,1.984244578463645,58.418964445096094,False
2026-01-13,East,Van,Medium,Home,44,24.510683104458487,2.128938060512028,2.2805676629854483,66.34407160741301,False
2026-04-24,West,Truck,Medium,Home,29,25.39035596147155,4.614835956012645,1.8044521280125023,68.55519373507293,True
2026-04-16,West,Truck,Low,Home,30,24.992889952624715,4.465859913073331,1.691867800080749,56.02835881167411,True
2026-01-30,East,Truck,Medium,Grocery,34,31.216478842904277,4.542852705756903,2.410320336454604,79.60493863718963,False
2026-01-19,West,Van,Low,Electronics,44,18.62710448121805,2.1078051196630576,1.1581407322172956,52.51096444348016,True
2026-01-17,West,Van,Low,Clothing,41,25.635068456131243,2.7417791122216206,1.444387852598379,75.00740794071193,True
2026-04-30,West,Truck,Low,Home,34,17.1698564443164,3.194314706464876,0.9685984932607656,54.71608923490016,True
2026-03-04,North,Van,Medium,Electronics,44,50.28677309297293,5.452371713997765,2.650624925639934,122.86961630177026,False
2026-01-19,South,Truck,High,Electronics,40,15.784221140127332,2.43628583439108,2.7553797660233603,62.52453986968632,False
2026-04-02,South,Bike,Low,Grocery,38,17.694126110899006,0.7294184150663892,1.1505075619257996,40.40717630204219,True
2026-02-27,North,Truck,Low,Electronics,34,31.94383269311808,5.104684597739925,1.7149079918007917,84.32134667611403,True
2026-02-24,East,Truck,Medium,Grocery,31,20.13481370848957,2.9642139678827046,2.282932800068453,64.39857704054418,False
2026-03-31,East,Bike,Low,Home,39,31.947415149309265,1.856416058520438,1.7557891349702668,81.72303287623272,True
2026-04-11,West,Bike,High,Home,32,25.377203343532965,1.3615591981380717,2.2224891361735843,71.28174723375585,False
2026-03-31,North,Bike,Medium,Clothing,48,20.37129660101589,0.9527999671143076,1.8454295579112203,66.80126945359768,True
2026-04-27,West,Bike,Medium,Clothing,29,17.225201857877003,0.5096527540489165,1.48197155574982,57.75136725538766,True
2026-03-03,East,Van,Medium,Clothing,44,16.900470945268147,2.005937312989441,1.7988609492091945,59.32662687713513,False
2026-01-23,East,Van,Low,Electronics,32,20.46911097738532,2.168413306246024,1.945365967104473,50.01530788867988,False
2026-01-09,West,Truck,Medium,Home,36,22.43043313489682,4.2810565208689,2.0212128747232603,80.69063160038534,False
2026-01-12,East,Van,Medium,Grocery,40,16.513068809185132,1.2693170476945148,1.978436582709481,62.97440284337809,False
2026-04-27,South,Truck,High,Clothing,32,23.0169081283211,3.849004946394616,2.4927024925534176,74.73912783399967,False
2026-01-01,West,Van,Low,Grocery,44,14.152962365987932,1.4488701378167446,1.2809872461208494,58.82651977235119,True
2026-02-27,South,Truck,Medium,Grocery,35,30.803110949367166,5.719373476398862,2.8993363101221226,82.76578302671332,False
2026-01-01,North,Truck,Medium,Clothing,29,32.52626159513968,5.28860790992431,2.2624317098935824,77.149691072068,False
2026-04-21,West,Truck,Low,Home,36,17.66107328812322,2.883576221394887,1.3894318772226986,61.70357738567944,True
2026-02-03,South,Truck,Medium,Clothing,42,17.158442503963016,2.6235124923760487,1.9724178117857256,64.61666591403275,False
2026-04-06,East,Bike,Medium,Grocery,36,25.60125126308885,1.0916643448703582,1.9995593002350784,68.56551037121743,False
2026-04-28,South,Van,High,Clothing,46,35.388294837284086,3.855897714603248,2.886810977697624,99.68193033921555,False
2026-02-17,West,Bike,Low,Grocery,34,37.379972978278566,1.433862339693778,1.530701337226226,84.25610795545137,True
2026-03-30,North,Van,High,Grocery,44,11.375315490873597,0.5930802866784906,1.8985200238398467,58.99413000984714,False
2026-04-14,West,Bike,High,Clothing,42,33.056743466863715,2.273718187250777,2.5752687565816803,93.9962047082049,False
2026-04-19,East,Truck,High,Electronics,34,23.44601995858325,2.8411772310105743,2.8418056449158304,80.70381944232884,False
2026-04-27,North,Van,Low,Clothing,51,23.620292695855184,2.336322631833917,1.1710349136523537,65.66147375294027,True
2026-01-01,East,Van,Medium,Electronics,36,28.54241129085505,2.524846264473249,2.2055082985053795,78.14554840408665,False
2026-01-16,West,Truck,Low,Grocery,38,19.67138276625497,2.867952517194172,1.3998080422905117,69.20927441885118,True
2026-03-02,South,Van,High,Grocery,39,33.870305688974746,3.6394274833950537,2.935057483690719,90.53873633777611,False
2026-04-13,North,Van,Medium,Electronics,35,36.81566044592826,4.308694227756345,2.0886957525133822,89.8470575796867,True
2026-03-05,South,Truck,Low,Grocery,35,37.151558497817135,6.30642668254138,2.355599528864064,95.45606804400649,False
2026-03-04,South,Truck,Medium,Electronics,32,7.40476690561248,0.7342099217484643,1.5101810165591856,45.62477606344486,True
